x_from_bow_mm,half_breadth_mm
0.000000000000000000e+00,8.488706365503080065e+01
1.006329113924050631e+02,1.547928417331635274e+02
2.012658227848101262e+02,1.894378395238219355e+02
3.018987341772152035e+02,2.344932810022613410e+02
4.025316455696202524e+02,2.727296545629402544e+02
5.031645569620253013e+02,3.096600732981571582e+02
6.037974683544304071e+02,3.461276219686533864e+02
7.044303797468354560e+02,3.822728147012190902e+02
8.050632911392405049e+02,4.176823746523536443e+02
9.056962025316455538e+02,4.532903074883685122e+02
1.006329113924050603e+03,4.883031216697424952e+02
1.106962025316455765e+03,5.231836872611962690e+02
1.207594936708860814e+03,5.576344449354091921e+02
1.308227848101265863e+03,5.919901489356171851e+02
1.408860759493670912e+03,6.259449743976294940e+02
1.509493670886075961e+03,6.598956670912068603e+02
1.610126582278481010e+03,6.934620123203286539e+02
1.710759493670886059e+03,7.268010552855250808e+02
1.811392405063291108e+03,7.598797338393160317e+02
1.912025316455696156e+03,7.922021157695007787e+02
2.012658227848101205e+03,8.239417773503497529e+02
2.113291139240506254e+03,8.553218880773529236e+02
2.213924050632911531e+03,8.858051880539601370e+02
2.314556962025316352e+03,9.157016349127961803e+02
2.415189873417721628e+03,9.450856184856913842e+02
2.515822784810126450e+03,9.702293816442700063e+02
2.616455696202531726e+03,9.800612377511502018e+02
2.717088607594936548e+03,1.007159800379487024e+03
2.817721518987341824e+03,1.033092922309152073e+03
2.918354430379746645e+03,1.058232552699295638e+03
3.018987341772151922e+03,1.085694798949912865e+03
3.119620253164556743e+03,1.126819977646661300e+03
3.220253164556962020e+03,1.148694720973149970e+03
3.320886075949367296e+03,1.169523873885582134e+03
3.421518987341772117e+03,1.188786707561146841e+03
3.522151898734177394e+03,1.207289111844670515e+03
3.622784810126582215e+03,1.223940035869311032e+03
3.723417721518987491e+03,1.239640423153900201e+03
3.824050632911392313e+03,1.255051516648038842e+03
3.924683544303797589e+03,1.269656720297351512e+03
4.025316455696202411e+03,1.283042757258337133e+03
4.125949367088607687e+03,1.296102305512957173e+03
4.226582278481012509e+03,1.308153458269435760e+03
4.327215189873417330e+03,1.318282873703636596e+03
4.427848101265823061e+03,1.327184856912640271e+03
4.528481012658227883e+03,1.334694097159046805e+03
4.629113924050632704e+03,1.340570893873625664e+03
4.729746835443037526e+03,1.344815247056377075e+03
4.830379746835443257e+03,1.347745379876796733e+03
4.931012658227848078e+03,1.348737244301198189e+03
5.031645569620252900e+03,1.348154523951862529e+03
5.132278481012658631e+03,1.345542614300938567e+03
5.232911392405063452e+03,1.340645283705455768e+03
5.333544303797468274e+03,1.333789020871780167e+03
5.434177215189873095e+03,1.324961427494606596e+03
5.534810126582278826e+03,1.314117043121149891e+03
5.635443037974683648e+03,1.302689938398357299e+03
5.736075949367088469e+03,1.290432147220128400e+03
5.836708860759493291e+03,1.277372598965508359e+03
5.937341772151899022e+03,1.263598081771632224e+03
6.037974683544303844e+03,1.249559067397915442e+03
6.138607594936708665e+03,1.234214098198736792e+03
6.239240506329113487e+03,1.218393860629532583e+03
6.339873417721519218e+03,1.201742936604891838e+03
6.440506329113924039e+03,1.184955631221896056e+03
6.541139240506328861e+03,1.166672263665427636e+03
6.641772151898734592e+03,1.147425961063603154e+03
6.742405063291139413e+03,1.127510149975307286e+03
6.843037974683544235e+03,1.106614872767915358e+03
6.943670886075949056e+03,1.084339250903231004e+03
7.044303797468354787e+03,1.061485041457645821e+03
7.144936708860759609e+03,1.037961323525589705e+03
7.245569620253164430e+03,1.013474670548176846e+03
7.346202531645569252e+03,9.883350401580330526e+02
7.446835443037974983e+03,9.628151950718687431e+02
7.547468354430379804e+03,9.349479375146208895e+02
7.648101265822784626e+03,8.861068801497157210e+02
7.748734177215189447e+03,7.147003093078266147e+02
7.849367088607595178e+03,7.450554934629492436e+02
7.950000000000000000e+03,1.061088295687885079e+02
