x_from_bow_mm,deck_half_breadth_mm,sheer_z_mm,canoe_bottom_z_mm
0.0,84.9,1237.0,-0.0
150.0,171.8,1226.3,-0.0
300.0,233.6,1213.3,-0.0
450.0,290.1,1201.5,-0.0
600.0,344.8,1189.7,-0.0
750.0,398.3,1178.3,-5.7
900.0,451.3,1167.6,-27.1
1050.0,503.4,1157.0,-60.4
1200.0,555.0,1146.5,-101.8
1350.0,606.1,1136.0,-150.0
1500.0,656.7,1125.4,-195.3
1650.0,706.7,1114.9,-228.1
1800.0,756.1,1104.4,-252.0
1950.0,804.2,1093.8,-271.8
2100.0,851.2,1083.3,-288.3
2250.0,896.5,1072.8,-305.4
2400.0,940.7,1062.3,-323.8
2550.0,973.6,1051.7,-343.5
2700.0,1002.6,1041.2,-366.1
2850.0,1041.2,1030.7,-395.6
3000.0,1080.5,1020.1,-435.9
3150.0,1133.4,1009.6,-470.7
3300.0,1165.2,999.1,-500.3
3450.0,1194.0,989.3,-522.1
3600.0,1220.2,980.5,-532.5
3750.0,1243.7,972.7,-527.9
3900.0,1266.1,965.8,-523.3
4050.0,1286.2,960.2,-518.7
4200.0,1305.0,955.3,-514.1
4350.0,1320.3,951.1,-509.5
4500.0,1332.6,947.6,-504.8
4650.0,1341.5,943.8,-500.2
4800.0,1346.9,940.0,-495.6
4950.0,1348.6,936.4,-491.0
5100.0,1346.4,932.9,-486.4
5250.0,1339.5,929.5,-481.8
5400.0,1328.0,927.1,-477.2
5550.0,1312.4,925.3,-472.6
5700.0,1294.8,923.7,-464.4
5850.0,1275.6,922.4,-497.9
6000.0,1254.9,921.4,-520.1
6150.0,1232.4,920.7,-531.2
6300.0,1208.3,920.0,-525.9
6450.0,1183.2,919.1,-525.2
6600.0,1155.4,918.1,-483.7
6750.0,1125.9,917.3,-454.4
6900.0,1094.0,916.6,-438.5
7050.0,1060.2,916.1,-439.8
7200.0,1024.6,916.0,-432.6
7350.0,987.4,916.0,-410.0
7500.0,948.1,916.0,-372.0
7650.0,882.9,916.0,-317.2
7800.0,730.2,916.0,-247.1
7950.0,106.1,916.0,-170.0
